kod_chu,DRUH,POLE,POSLEDNI_NALEZ
CZ0210043,Osmoderma barnabita,6150d,2015-10-02
CZ0210111,Pulsatilla patens,5555a,2024-04-04
CZ0212020,Lampetra planeri,5555a,2012-08-17
CZ0213009,Lampetra planeri,6355a,2023-11-14
CZ0213009,Lampetra planeri,6355c,2023-08-15
CZ0213009,Lampetra planeri,6454d,2023-08-15
CZ0213009,Osmoderma barnabita,6255c,2024-07-03
CZ0213015,Osmoderma barnabita,6251a,2015-05-23
CZ0213016,Lampetra planeri,5851a,2014-09-23
CZ0213016,Lampetra planeri,5851c,2014-09-23
CZ0213042,Lampetra planeri,6256a,2023-10-22
CZ0213050,Lampetra planeri,6249b,2025-03-26
CZ0213069,Lampetra planeri,6354b,2023-09-07
CZ0213069,Lampetra planeri,6354d,2023-09-08
CZ0213070,Osmoderma barnabita,5750b,2014-01-16
CZ0213070,Osmoderma barnabita,5750c,2021-07-30
CZ0213072,Osmoderma barnabita,5850a,2023-04-17
CZ0213076,Lampetra planeri,6256a,2023-10-22
CZ0213076,Lampetra planeri,6256c,2023-10-22
CZ0213083,Osmoderma barnabita,5751b,2021-07-30
CZ0213083,Osmoderma barnabita,5752a,2022-08-13
CZ0213512,Bombina variegata,6049a,2024-06-03
CZ0213783,Bombina variegata,6149d,2024-08-13
CZ0213787,Bombina variegata,6249a,2024-07-05
CZ0213792,Osmoderma barnabita,6057b,2012-06-28
CZ0213792,Osmoderma barnabita,6058a,2012-06-28
CZ0213814,Lampetra planeri,6248c,2016-07-12
CZ0213817,Lampetra planeri,6249d,2023-09-03
CZ0213818,Lampetra planeri,6249d,2023-09-03
CZ0213822,Bombina variegata,6048b,2024-07-16
CZ0214007,Osmoderma barnabita,5854b,2019-12-04
CZ0214008,Lampetra planeri,5849c,2024-07-11
CZ0214008,Lampetra planeri,5949a,2024-07-11
CZ0214008,Osmoderma barnabita,5849c,2018-07-07
CZ0214008,Osmoderma barnabita,5849d,2020-07-29
CZ0214008,Osmoderma barnabita,5949b,2015-06-01
CZ0214009,Osmoderma barnabita,5856d,2021-01-01
CZ0214011,Bombina variegata,6048b,2021-08-03
CZ0214013,Lampetra planeri,5653c,2014-09-23
CZ0214015,Bombina variegata,5949d,2024-06-29
CZ0214041,Lampetra planeri,6348d,2023-09-03
CZ0214041,Lampetra planeri,6448b,2016-06-05
CZ0214041,Osmoderma barnabita,6448b,2020-07-24
CZ0310001,Osmoderma barnabita,6955d,2019-01-01
CZ0310035,Lampetra planeri,7251b,2019-10-25
CZ0310035,Lampetra planeri,7251d,2019-10-25
CZ0310035,Lampetra planeri,7352a,2019-10-25
CZ0313092,Lampetra planeri,7254a,2023-10-22
CZ0313092,Lampetra planeri,7254c,2012-09-20
CZ0313094,Osmoderma barnabita,6549c,2019-01-01
CZ0313098,Osmoderma barnabita,6854c,2020-04-10
CZ0313099,Osmoderma barnabita,6952b,2019-01-01
CZ0313099,Osmoderma barnabita,6952c,2021-08-04
CZ0313099,Osmoderma barnabita,6952d,2022-06-19
CZ0313106,Osmoderma barnabita,6754c,2012-02-24
CZ0313106,Osmoderma barnabita,6854d,2012-03-16
CZ0313106,Osmoderma barnabita,6955a,2015-04-11
CZ0313113,Osmoderma barnabita,7154d,2015-07-21
CZ0313113,Osmoderma barnabita,7254b,2021-09-23
CZ0313128,Osmoderma barnabita,6854c,2015-01-01
CZ0313128,Osmoderma barnabita,6854d,2024-07-06
CZ0313131,Osmoderma barnabita,6954d,2021-12-07
CZ0313131,Osmoderma barnabita,7054b,2021-12-03
CZ0313137,Lampetra planeri,7254b,2023-10-08
CZ0313138,Osmoderma barnabita,6952d,2020-04-19
CZ0313140,Lampetra planeri,6448d,2012-09-20
CZ0313805,Lampetra planeri,6949d,2022-10-26
CZ0313822,Lampetra planeri,6956c,2019-11-17
CZ0314019,Osmoderma barnabita,6954a,2022-07-23
CZ0314022,Lampetra planeri,7252d,2024-04-24
CZ0314022,Lampetra planeri,7253c,2012-09-07
CZ0314022,Lampetra planeri,7352b,2024-04-24
CZ0314022,Lampetra planeri,7352d,2024-04-24
CZ0314022,Lampetra planeri,7353c,2024-04-24
CZ0314022,Lampetra planeri,7353d,2012-09-07
CZ0314023,Bombina variegata,7055a,2024-04-06
CZ0314023,Lampetra planeri,6954d,2021-10-13
CZ0314023,Lampetra planeri,7055a,2019-10-06
CZ0314023,Lampetra planeri,7055c,2021-09-20
CZ0314023,Lampetra planeri,7155a,2021-10-13
CZ0314023,Lampetra planeri,7155d,2019-09-21
CZ0314023,Osmoderma barnabita,6954b,2021-06-15
CZ0314023,Osmoderma barnabita,6954d,2015-07-23
CZ0314023,Osmoderma barnabita,6955c,2023-03-16
CZ0314023,Osmoderma barnabita,7055a,2015-03-31
CZ0314024,Bombina variegata,6744b,2014-06-13
CZ0314024,Lampetra planeri,6744a,2023-09-04
CZ0314024,Lampetra planeri,6744b,2023-09-04
CZ0314024,Lampetra planeri,6744d,2023-09-04
CZ0314024,Lampetra planeri,6745a,2023-09-06
CZ0314024,Lampetra planeri,6745b,2022-10-18
CZ0314024,Lampetra planeri,6745c,2023-09-06
CZ0314024,Lampetra planeri,6745d,2023-09-12
CZ0314024,Lampetra planeri,6746a,2022-10-18
CZ0314024,Lampetra planeri,6746d,2023-09-06
CZ0314024,Lampetra planeri,6747c,2015-05-03
CZ0314024,Lampetra planeri,6845a,2021-10-27
CZ0314024,Lampetra planeri,6845b,2021-09-19
CZ0314024,Lampetra planeri,6845c,2021-10-27
CZ0314024,Lampetra planeri,6845d,2021-10-27
CZ0314024,Lampetra planeri,6846a,2022-08-19
CZ0314024,Lampetra planeri,6846b,2023-09-07
CZ0314024,Lampetra planeri,6846c,2021-09-19
CZ0314024,Lampetra planeri,6846d,2021-09-19
CZ0314024,Lampetra planeri,6847a,2020-09-28
CZ0314024,Lampetra planeri,6847c,2023-09-12
CZ0314024,Lampetra planeri,6946b,2021-09-18
CZ0314024,Lampetra planeri,6947b,2020-10-28
CZ0314024,Lampetra planeri,6947d,2023-09-14
CZ0314024,Lampetra planeri,6948a,2020-10-28
CZ0314024,Lampetra planeri,6948c,2021-10-27
CZ0314024,Lampetra planeri,6948d,2021-10-27
CZ0314024,Lampetra planeri,6949c,2023-09-22
CZ0314024,Lampetra planeri,6949d,2024-12-06
CZ0314024,Lampetra planeri,7047b,2024-07-03
CZ0314024,Lampetra planeri,7048a,2023-09-18
CZ0314024,Lampetra planeri,7048c,2024-01-18
CZ0314024,Lampetra planeri,7048d,2024-05-06
CZ0314024,Lampetra planeri,7049a,2023-10-13
CZ0314024,Lampetra planeri,7049b,2024-04-13
CZ0314024,Lampetra planeri,7049d,2023-09-27
CZ0314024,Lampetra planeri,7050c,2023-10-13
CZ0314024,Lampetra planeri,7050d,2023-10-03
CZ0314024,Lampetra planeri,7148b,2023-06-04
CZ0314024,Lampetra planeri,7148d,2024-06-21
CZ0314024,Lampetra planeri,7149a,2024-06-20
CZ0314024,Lampetra planeri,7149b,2023-09-27
CZ0314024,Lampetra planeri,7149d,2023-10-04
CZ0314024,Lampetra planeri,7249b,2020-10-28
CZ0314024,Lampetra planeri,7249d,2023-10-05
CZ0314024,Lampetra planeri,7250a,2020-10-29
CZ0314024,Lampetra planeri,7250c,2023-10-06
CZ0314024,Lampetra planeri,7250d,2012-06-25
CZ0314024,Lampetra planeri,7350a,2023-10-05
CZ0314024,Lampetra planeri,7350b,2020-10-30
CZ0314024,Lampetra planeri,7350c,2021-10-29
CZ0314024,Lampetra planeri,7350d,2021-10-29
CZ0314024,Lampetra planeri,7450b,2021-10-29
CZ0314024,Lampetra planeri,7451a,2021-10-29
CZ0314123,Bombina variegata,7150b,2024-07-12
CZ0314123,Bombina variegata,7151c,2024-07-12
CZ0314123,Lampetra planeri,7149d,2022-06-02
CZ0314123,Lampetra planeri,7151a,2014-10-17
CZ0314124,Bombina variegata,7151d,2016-05-31
CZ0314124,Lampetra planeri,7050d,2022-10-28
CZ0314124,Lampetra planeri,7051c,2023-10-28
CZ0314124,Lampetra planeri,7051d,2023-10-28
CZ0314124,Lampetra planeri,7052c,2023-10-29
CZ0314124,Lampetra planeri,7151a,2023-10-28
CZ0314124,Lampetra planeri,7151c,2023-10-28
CZ0314124,Lampetra planeri,7151d,2023-10-28
CZ0314124,Lampetra planeri,7152a,2024-03-25
CZ0314124,Lampetra planeri,7152c,2023-10-28
CZ0314126,Lampetra planeri,6953a,2012-09-26
CZ0314126,Osmoderma barnabita,6852d,2019-01-01
CZ0314126,Osmoderma barnabita,6952b,2020-07-20
CZ0314641,Lampetra planeri,6950c,2022-09-09
CZ0314641,Lampetra planeri,7050a,2024-08-12
CZ0320053,Osmoderma barnabita,6048d,2013-10-29
CZ0320140,Bombina variegata,6447c,2014-04-24
CZ0322055,Bombina variegata,6442d,2021-09-21
CZ0323143,Bombina variegata,6447a,2024-06-08
CZ0323145,Lampetra planeri,6347d,2016-07-07
CZ0323145,Lampetra planeri,6348c,2016-07-08
CZ0323151,Lampetra planeri,6341b,2020-11-16
CZ0323155,Osmoderma barnabita,6347a,2023-06-19
CZ0323159,Osmoderma barnabita,6246b,2013-11-06
CZ0323160,Bombina variegata,6443b,2024-06-07
CZ0323162,Bombina variegata,6445b,2024-07-14
CZ0323165,Lampetra planeri,6442b,2024-10-22
CZ0323165,Lampetra planeri,6443a,2024-10-22
CZ0323165,Lampetra planeri,6443c,2022-09-24
CZ0323166,Lampetra planeri,6441b,2015-10-25
CZ0323166,Lampetra planeri,6442c,2022-05-04
CZ0323167,Bombina variegata,6247c,2024-06-25
CZ0323167,Bombina variegata,6247d,2024-06-25
CZ0323169,Bombina variegata,6243b,2024-07-24
CZ0323478,Bombina variegata,6545b,2019-09-10
CZ0323478,Bombina variegata,6546a,2024-07-14
CZ0323812,Lampetra planeri,6248c,2023-10-09
CZ0323824,Lampetra planeri,6746a,2023-10-27
CZ0323824,Lampetra planeri,6746b,2020-09-27
CZ0323824,Lampetra planeri,6747a,2020-09-27
CZ0323825,Lampetra planeri,6143b,2021-11-16
CZ0323826,Bombina variegata,6345b,2024-07-24
CZ0324025,Lampetra planeri,6046d,2015-11-17
CZ0324026,Lampetra planeri,6542a,2022-09-24
CZ0324026,Lampetra planeri,6542c,2022-09-24
CZ0410020,Lampetra planeri,5841c,2021-06-05
CZ0413177,Lampetra planeri,5638d,2023-08-16
CZ0413177,Lampetra planeri,5738b,2023-08-13
CZ0413190,Osmoderma barnabita,5743b,2018-10-03
CZ0413194,Lampetra planeri,5945a,2015-09-21
CZ0413194,Lampetra planeri,5945b,2023-08-11
CZ0414110,Lampetra planeri,5542d,2015-09-01
CZ0414127,Lampetra planeri,5745a,2015-09-01
CZ0414127,Pulsatilla patens,5644d,2023-05-01
CZ0414127,Pulsatilla patens,5645c,2023-05-01
CZ0420021,Osmoderma barnabita,5545c,2015-10-01
CZ0420144,Lampetra planeri,5445a,2015-09-01
CZ0422075,Pulsatilla patens,5449d,2024-04-29
CZ0423202,Osmoderma barnabita,5449c,2021-05-23
CZ0423210,Osmoderma barnabita,5349c,2025-03-02
CZ0423213,Osmoderma barnabita,5546b,2025-03-02
CZ0423217,Osmoderma barnabita,5746a,2014-03-20
CZ0423217,Osmoderma barnabita,5746c,2014-11-13
CZ0423223,Osmoderma barnabita,5846d,2022-08-06
CZ0423224,Osmoderma barnabita,5451a,2022-11-28
CZ0423233,Osmoderma barnabita,5548d,2020-04-29
CZ0423510,Lampetra planeri,5647c,2015-09-01
CZ0423510,Lampetra planeri,5648a,2015-09-01
CZ0423510,Lampetra planeri,5648b,2015-09-01
CZ0424030,Lampetra planeri,5445d,2015-09-01
CZ0424030,Lampetra planeri,5546a,2015-09-01
CZ0424030,Pulsatilla patens,5546a,2023-04-16
CZ0424031,Lampetra planeri,5052c,2023-10-07
CZ0424031,Lampetra planeri,5052d,2012-11-01
CZ0424031,Lampetra planeri,5151b,2020-07-24
CZ0424031,Lampetra planeri,5152a,2024-04-27
CZ0424031,Lampetra planeri,5152b,2020-10-17
CZ0424031,Lampetra planeri,5152c,2023-10-07
CZ0424031,Lampetra planeri,5152d,2014-04-13
CZ0424038,Pulsatilla patens,5450b,2024-04-16
CZ0424125,Bombina variegata,5845b,2024-04-15
CZ0424125,Pulsatilla patens,5645c,2024-04-09
CZ0424125,Pulsatilla patens,5645d,2024-04-30
CZ0424127,Lampetra planeri,5446d,2015-09-01
CZ0424127,Osmoderma barnabita,5446d,2014-09-28
CZ0424127,Osmoderma barnabita,5447a,2021-10-10
CZ0424138,Osmoderma barnabita,5550d,2018-10-26
CZ0510191,Lampetra planeri,5357c,2015-10-23
CZ0510400,Lampetra planeri,5156b,2014-09-26
CZ0510400,Lampetra planeri,5157a,2014-09-26
CZ0510402,Lampetra planeri,5157d,2014-09-26
CZ0510415,Lampetra planeri,5157b,2014-10-04
CZ0513254,Lampetra planeri,5256c,2023-08-13
CZ0513255,Osmoderma barnabita,5454a,2023-07-24
CZ0513256,Lampetra planeri,4956c,2023-09-09
CZ0513256,Lampetra planeri,5056a,2023-09-09
CZ0513256,Lampetra planeri,5056c,2023-09-09
CZ0513505,Osmoderma barnabita,5251b,2017-03-28
CZ0513506,Lampetra planeri,5254d,2016-06-21
CZ0513506,Lampetra planeri,5255c,2014-09-14
CZ0513506,Lampetra planeri,5353b,2015-07-21
CZ0513506,Lampetra planeri,5354c,2015-09-12
CZ0513508,Osmoderma barnabita,5353c,2021-06-30
CZ0513509,Lampetra planeri,5153d,2022-08-16
CZ0513509,Lampetra planeri,5154c,2022-08-17
CZ0513509,Lampetra planeri,5254a,2023-11-02
CZ0514042,Osmoderma barnabita,5353c,2021-06-30
CZ0514042,Osmoderma barnabita,5354c,2022-11-29
CZ0514042,Osmoderma barnabita,5453b,2019-11-27
CZ0514042,Osmoderma barnabita,5454a,2021-07-30
CZ0514042,Osmoderma barnabita,5454b,2023-06-27
CZ0514042,Pulsatilla patens,5353d,2024-04-04
CZ0514042,Pulsatilla patens,5354c,2024-04-04
CZ0514243,Osmoderma barnabita,5454c,2020-07-25
CZ0514670,Osmoderma barnabita,5352c,2022-11-29
CZ0514670,Osmoderma barnabita,5352d,2021-07-18
CZ0514672,Lampetra planeri,5357b,2012-09-18
CZ0514672,Lampetra planeri,5357d,2022-10-29
CZ0514672,Lampetra planeri,5358c,2022-10-22
CZ0514672,Lampetra planeri,5358d,2021-07-31
CZ0514672,Lampetra planeri,5458a,2022-10-22
CZ0520028,Lampetra planeri,5562c,2020-09-18
CZ0520604,Lampetra planeri,5864a,2024-09-11
CZ0523007,Lampetra planeri,5762b,2023-10-17
CZ0523007,Lampetra planeri,5763a,2023-10-17
CZ0523010,Osmoderma barnabita,5861a,2017-11-04
CZ0523264,Osmoderma barnabita,5760a,2016-06-23
CZ0523267,Lampetra planeri,5764b,2021-09-15
CZ0523267,Lampetra planeri,5765c,2021-09-21
CZ0523267,Lampetra planeri,5865a,2015-09-22
CZ0523267,Lampetra planeri,5865c,2021-09-21
CZ0523268,Osmoderma barnabita,5562c,2017-03-21
CZ0523274,Osmoderma barnabita,5558c,2021-08-13
CZ0523277,Lampetra planeri,5460a,2014-09-30
CZ0523277,Lampetra planeri,5460c,2015-09-03
CZ0523280,Lampetra planeri,5362d,2018-10-19
CZ0523280,Lampetra planeri,5462b,2018-10-19
CZ0523280,Lampetra planeri,5462d,2023-09-16
CZ0523280,Lampetra planeri,5463a,2023-09-16
CZ0523280,Lampetra planeri,5463c,2023-09-16
CZ0523280,Lampetra planeri,5563a,2020-10-10
CZ0523284,Osmoderma barnabita,5762b,2023-08-03
CZ0523290,Osmoderma barnabita,5862a,2017-06-09
CZ0524044,Lampetra planeri,5258c,2013-09-23
CZ0524044,Lampetra planeri,5258d,2013-09-01
CZ0524044,Lampetra planeri,5259c,2015-09-01
CZ0524044,Lampetra planeri,5259d,2015-09-01
CZ0524044,Lampetra planeri,5260d,2013-09-01
CZ0524044,Lampetra planeri,5358b,2013-09-23
CZ0524044,Lampetra planeri,5358d,2017-06-17
CZ0524044,Lampetra planeri,5359a,2013-09-23
CZ0524044,Lampetra planeri,5359b,2013-09-01
CZ0524044,Lampetra planeri,5359c,2013-09-01
CZ0524044,Lampetra planeri,5359d,2017-05-29
CZ0524044,Lampetra planeri,5360b,2015-09-01
CZ0524044,Lampetra planeri,5360c,2013-09-01
CZ0524044,Lampetra planeri,5360d,2013-09-01
CZ0524044,Lampetra planeri,5361a,2015-09-01
CZ0524044,Lampetra planeri,5361c,2018-10-09
CZ0524044,Lampetra planeri,5460a,2018-10-09
CZ0524044,Lampetra planeri,5460b,2013-09-01
CZ0524044,Lampetra planeri,5461a,2013-09-01
CZ0530033,Lampetra planeri,6266d,2013-09-23
CZ0530034,Lampetra planeri,6065d,2013-09-23
CZ0533295,Osmoderma barnabita,6159c,2022-07-01
CZ0533295,Osmoderma barnabita,6159d,2022-07-01
CZ0533297,Osmoderma barnabita,5861d,2015-07-23
CZ0533300,Osmoderma barnabita,6059d,2021-08-20
CZ0533300,Osmoderma barnabita,6060a,2021-08-04
CZ0533300,Osmoderma barnabita,6060c,2021-08-04
CZ0533301,Lampetra planeri,6261d,2023-10-15
CZ0533302,Osmoderma barnabita,6059b,2021-07-15
CZ0533307,Osmoderma barnabita,5960b,2022-06-24
CZ0533308,Osmoderma barnabita,5959b,2014-05-20
CZ0533309,Osmoderma barnabita,5960d,2022-07-22
CZ0533310,Osmoderma barnabita,6161a,2021-05-24
CZ0533314,Lampetra planeri,5965b,2023-10-02
CZ0533314,Lampetra planeri,5965c,2022-10-15
CZ0533314,Lampetra planeri,5965d,2020-10-10
CZ0533314,Lampetra planeri,5966a,2023-10-02
CZ0533314,Lampetra planeri,5966b,2022-10-08
CZ0533316,Osmoderma barnabita,6062a,2021-09-16
CZ0533501,Osmoderma barnabita,6160b,2022-08-02
CZ0533696,Osmoderma barnabita,6060d,2023-08-02
CZ0533698,Osmoderma barnabita,5958b,2017-06-22
CZ0533698,Osmoderma barnabita,5958d,2022-02-10
CZ0534053,Lampetra planeri,6160b,2018-10-17
CZ0534053,Osmoderma barnabita,6160b,2018-08-27
CZ0610159,Osmoderma barnabita,6659c,2022-07-22
CZ0610179,Osmoderma barnabita,6961b,2021-07-05
CZ0612149,Osmoderma barnabita,7059d,2021-10-31
CZ0613002,Osmoderma barnabita,6758b,2014-06-17
CZ0613005,Lampetra planeri,6456a,2015-11-02
CZ0613005,Lampetra planeri,6456b,2021-08-13
CZ0613005,Lampetra planeri,6457a,2021-08-13
CZ0613013,Bombina variegata,6758d,2021-06-05
CZ0613321,Lampetra planeri,6558a,2023-09-19
CZ0613333,Lampetra planeri,6461b,2022-09-01
CZ0613333,Lampetra planeri,6462a,2019-11-06
CZ0613334,Lampetra planeri,6456d,2013-08-21
CZ0613816,Osmoderma barnabita,6762d,2020-07-25
CZ0613816,Osmoderma barnabita,6763c,2023-09-01
CZ0613816,Osmoderma barnabita,6863a,2020-07-25
CZ0614131,Osmoderma barnabita,6862b,2022-06-24
CZ0620084,Osmoderma barnabita,7065d,2019-01-01
CZ0623022,Osmoderma barnabita,7164b,2024-04-22
CZ0623022,Osmoderma barnabita,7164d,2024-04-22
CZ0623025,Osmoderma barnabita,6867a,2020-10-04
CZ0623032,Osmoderma barnabita,6965d,2016-10-27
CZ0623045,Osmoderma barnabita,7266b,2014-07-10
CZ0623349,Bombina variegata,7171a,2024-07-20
CZ0623801,Osmoderma barnabita,6965d,2019-01-01
CZ0624001,Osmoderma barnabita,7163c,2016-05-24
CZ0624072,Bombina variegata,7169d,2024-07-16
CZ0624072,Bombina variegata,7170a,2021-06-06
CZ0624072,Bombina variegata,7170b,2020-09-10
CZ0624072,Bombina variegata,7170c,2023-08-30
CZ0624072,Bombina variegata,7170d,2023-08-30
CZ0624095,Osmoderma barnabita,7060c,2023-07-06
CZ0624095,Osmoderma barnabita,7060d,2023-06-11
CZ0624096,Osmoderma barnabita,7162a,2023-10-29
CZ0624099,Osmoderma barnabita,7166a,2013-04-27
CZ0624099,Osmoderma barnabita,7166c,2019-05-01
CZ0624099,Osmoderma barnabita,7166d,2022-04-11
CZ0624099,Osmoderma barnabita,7167c,2022-04-11
CZ0624099,Osmoderma barnabita,7267a,2022-04-11
CZ0624119,Osmoderma barnabita,7168d,2023-08-24
CZ0624119,Osmoderma barnabita,7267a,2014-12-04
CZ0624119,Osmoderma barnabita,7267c,2022-04-11
CZ0624119,Osmoderma barnabita,7267d,2022-04-11
CZ0624119,Osmoderma barnabita,7268a,2022-04-10
CZ0624119,Osmoderma barnabita,7268c,2022-04-10
CZ0624119,Osmoderma barnabita,7367b,2022-04-11
CZ0624119,Osmoderma barnabita,7367d,2022-04-11
CZ0624130,Osmoderma barnabita,6666c,2024-04-07
CZ0713004,Lampetra planeri,5968c,2013-09-23
CZ0713374,Lampetra planeri,6067c,2023-10-23
CZ0713374,Lampetra planeri,6067d,2023-10-23
CZ0713385,Bombina variegata,5769b,2024-07-14
CZ0713398,Bombina variegata,5770a,2024-07-31
CZ0713398,Lampetra planeri,5770a,2020-09-07
CZ0713827,Bombina variegata,5669a,2024-07-31
CZ0713827,Bombina variegata,5669c,2024-06-17
CZ0714073,Lampetra planeri,6167b,2013-09-23
CZ0714073,Lampetra planeri,6167d,2013-09-23
CZ0714073,Lampetra planeri,6267b,2013-09-23
CZ0714073,Lampetra planeri,6267d,2015-09-01
CZ0714073,Lampetra planeri,6268c,2015-09-01
CZ0714081,Lampetra planeri,5769d,2021-06-11
CZ0714082,Osmoderma barnabita,6570b,2013-04-06
CZ0714085,Osmoderma barnabita,6569d,2022-10-27
CZ0714133,Bombina variegata,6370b,2012-06-10
CZ0714133,Bombina variegata,6370d,2021-04-01
CZ0714133,Bombina variegata,6371a,2012-05-30
CZ0714133,Lampetra planeri,6271c,2012-05-30
CZ0714133,Lampetra planeri,6271d,2016-09-23
CZ0714133,Lampetra planeri,6272c,2016-09-23
CZ0714133,Lampetra planeri,6371a,2016-09-23
CZ0714133,Lampetra planeri,6371c,2016-09-23
CZ0720033,Bombina variegata,6673c,2022-05-10
CZ0720033,Bombina variegata,6673d,2024-09-04
CZ0720185,Bombina variegata,6672a,2014-06-14
CZ0720190,Bombina variegata,6672c,2017-06-30
CZ0720422,Bombina variegata,7072b,2016-08-16
CZ0720428,Bombina variegata,6973c,2024-08-20
CZ0720435,Bombina variegata,6874c,2024-07-14
CZ0720437,Bombina variegata,6973b,2022-08-10
CZ0720441,Bombina variegata,6874c,2023-06-15
CZ0720454,Bombina variegata,6874d,2021-05-26
CZ0722199,Bombina variegata,6874d,2019-06-12
CZ0723403,Bombina variegata,6872a,2024-04-11
CZ0723406,Bombina variegata,6672a,2015-06-11
CZ0723409,Bombina variegata,6771a,2023-06-01
CZ0723412,Bombina variegata,6971d,2024-06-17
CZ0723413,Bombina variegata,6972c,2020-06-15
CZ0723416,Bombina variegata,6971a,2024-05-09
CZ0723430,Bombina variegata,6972c,2024-06-16
CZ0723434,Bombina variegata,6974a,2022-05-13
CZ0724087,Bombina variegata,6972a,2017-07-13
CZ0724087,Osmoderma barnabita,6972a,2024-07-26
CZ0724087,Osmoderma barnabita,6972c,2024-07-26
CZ0724089,Bombina variegata,6376d,2022-06-14
CZ0724089,Bombina variegata,6377a,2014-07-06
CZ0724089,Bombina variegata,6377c,2024-11-01
CZ0724089,Bombina variegata,6377d,2019-08-28
CZ0724089,Bombina variegata,6378c,2024-06-07
CZ0724089,Bombina variegata,6474c,2024-05-31
CZ0724089,Bombina variegata,6474d,2024-05-30
CZ0724089,Bombina variegata,6475c,2024-06-14
CZ0724089,Bombina variegata,6476a,2022-08-03
CZ0724089,Bombina variegata,6476b,2024-06-06
CZ0724089,Bombina variegata,6476c,2024-05-27
CZ0724089,Bombina variegata,6476d,2024-09-11
CZ0724089,Bombina variegata,6477a,2024-07-16
CZ0724089,Bombina variegata,6477b,2024-05-06
CZ0724089,Bombina variegata,6477c,2024-09-04
CZ0724089,Bombina variegata,6477d,2024-05-29
CZ0724089,Bombina variegata,6478a,2020-08-14
CZ0724089,Bombina variegata,6478c,2023-07-11
CZ0724089,Bombina variegata,6574b,2024-08-24
CZ0724089,Bombina variegata,6574c,2024-07-27
CZ0724089,Bombina variegata,6574d,2024-03-15
CZ0724089,Bombina variegata,6575a,2024-08-12
CZ0724089,Bombina variegata,6575b,2024-08-18
CZ0724089,Bombina variegata,6575c,2023-06-10
CZ0724089,Bombina variegata,6575d,2024-07-27
CZ0724089,Bombina variegata,6576a,2024-08-19
CZ0724089,Bombina variegata,6576b,2024-06-28
CZ0724089,Bombina variegata,6576c,2024-05-10
CZ0724089,Bombina variegata,6576d,2024-09-07
CZ0724089,Bombina variegata,6577a,2023-08-19
CZ0724089,Bombina variegata,6577b,2024-07-08
CZ0724089,Bombina variegata,6674a,2024-07-31
CZ0724089,Bombina variegata,6674b,2024-09-06
CZ0724089,Bombina variegata,6674c,2023-05-21
CZ0724089,Bombina variegata,6674d,2024-06-08
CZ0724089,Bombina variegata,6675a,2024-06-21
CZ0724089,Bombina variegata,6675b,2024-09-08
CZ0724089,Bombina variegata,6675c,2024-06-17
CZ0724089,Bombina variegata,6675d,2022-06-02
CZ0724089,Bombina variegata,6676a,2024-09-07
CZ0724089,Bombina variegata,6676b,2023-07-08
CZ0724089,Bombina variegata,6676c,2021-08-22
CZ0724089,Bombina variegata,6774a,2022-06-09
CZ0724089,Bombina variegata,6774b,2024-08-07
CZ0724089,Bombina variegata,6774c,2024-07-12
CZ0724089,Bombina variegata,6774d,2024-07-12
CZ0724089,Bombina variegata,6775a,2024-06-15
CZ0724089,Bombina variegata,6775b,2023-06-30
CZ0724089,Bombina variegata,6874a,2014-04-24
CZ0724089,Bombina variegata,6874b,2017-08-18
CZ0724090,Bombina variegata,7071d,2024-05-28
CZ0724090,Bombina variegata,7072a,2020-09-16
CZ0724090,Bombina variegata,7072b,2022-06-28
CZ0724090,Bombina variegata,7072c,2024-08-12
CZ0724090,Bombina variegata,7072d,2024-06-06
CZ0724090,Bombina variegata,7073a,2024-07-25
CZ0724090,Bombina variegata,7073c,2022-06-14
CZ0724090,Bombina variegata,7171a,2022-08-25
CZ0724090,Bombina variegata,7171b,2024-05-28
CZ0724090,Bombina variegata,7171c,2024-07-19
CZ0724090,Bombina variegata,7172a,2023-06-03
CZ0724091,Bombina variegata,6770c,2016-07-04
CZ0724091,Bombina variegata,6770d,2015-04-24
CZ0724091,Bombina variegata,6869c,2015-05-17
CZ0724091,Bombina variegata,6869d,2021-08-11
CZ0724091,Bombina variegata,6870a,2015-06-20
CZ0724091,Bombina variegata,6870b,2024-08-15
CZ0724091,Bombina variegata,6969a,2020-07-07
CZ0724120,Osmoderma barnabita,6870d,2022-06-15
CZ0724120,Osmoderma barnabita,6871c,2015-04-21
CZ0724121,Bombina variegata,6673b,2018-05-28
CZ0724429,Bombina variegata,6672a,2022-06-03
CZ0724429,Bombina variegata,6672b,2023-05-06
CZ0724430,Bombina variegata,6974a,2021-07-26
CZ0724430,Bombina variegata,6974b,2022-06-28
CZ0724430,Bombina variegata,6974c,2023-08-02
CZ0810004,Bombina variegata,6376a,2021-09-06
CZ0810004,Bombina variegata,6376b,2024-05-30
CZ0810004,Bombina variegata,6376d,2020-06-07
CZ0810004,Lampetra planeri,6376a,2015-07-27
CZ0810004,Lampetra planeri,6376b,2015-07-27
CZ0810004,Lampetra planeri,6376d,2017-10-02
CZ0810018,Bombina variegata,6169b,2012-06-05
CZ0810035,Bombina variegata,6473b,2015-07-01
CZ0810036,Bombina variegata,6474b,2024-08-10
CZ0810425,Bombina variegata,6276d,2016-07-21
CZ0813438,Bombina variegata,6373d,2022-05-14
CZ0813447,Osmoderma barnabita,6375c,2019-07-31
CZ0813449,Osmoderma barnabita,6175a,2015-08-03
CZ0813451,Osmoderma barnabita,6176b,2019-08-01
CZ0813451,Osmoderma barnabita,6177a,2019-08-01
CZ0813456,Lampetra planeri,6069b,2023-10-24
CZ0813456,Lampetra planeri,6070a,2023-10-24
CZ0813456,Lampetra planeri,6070c,2023-10-24
CZ0813457,Bombina variegata,6076c,2024-08-16
CZ0813457,Bombina variegata,6076d,2024-10-17
CZ0813457,Osmoderma barnabita,6076c,2019-08-01
CZ0813457,Osmoderma barnabita,6076d,2019-08-01
CZ0813460,Osmoderma barnabita,5672c,2021-08-10
CZ0813461,Osmoderma barnabita,6075d,2019-09-02
CZ0813462,Lampetra planeri,6476a,2019-02-17
CZ0813463,Osmoderma barnabita,6275d,2019-07-10
CZ0813469,Bombina variegata,5872c,2023-07-27
CZ0813475,Bombina variegata,6276a,2023-06-16
CZ0813516,Bombina variegata,6378c,2016-04-17
CZ0813516,Bombina variegata,6478b,2015-07-19
CZ0813516,Lampetra planeri,6378a,2023-08-18
CZ0813516,Lampetra planeri,6378c,2023-08-18
CZ0813516,Lampetra planeri,6478a,2020-03-01
CZ0813516,Lampetra planeri,6478b,2023-08-19
CZ0813810,Lampetra planeri,6272c,2018-10-12
CZ0814092,Bombina variegata,6274d,2014-06-27
CZ0814092,Bombina variegata,6275a,2022-09-04
CZ0814092,Lampetra planeri,6274c,2015-09-01
CZ0814092,Lampetra planeri,6274d,2015-09-01
CZ0814092,Lampetra planeri,6275c,2015-09-01
CZ0814092,Lampetra planeri,6373b,2015-09-01
CZ0814092,Lampetra planeri,6373c,2015-09-01
CZ0814092,Lampetra planeri,6373d,2015-09-01
CZ0814092,Lampetra planeri,6374a,2015-09-01
CZ0814092,Osmoderma barnabita,6274c,2022-05-02
CZ0814092,Osmoderma barnabita,6274d,2023-02-21
CZ0814092,Osmoderma barnabita,6275a,2015-10-29
CZ0814092,Osmoderma barnabita,6275c,2023-01-17
CZ0814092,Osmoderma barnabita,6373b,2020-02-20
CZ0814092,Osmoderma barnabita,6373c,2014-08-20
CZ0814092,Osmoderma barnabita,6373d,2023-01-03
CZ0814092,Osmoderma barnabita,6374a,2023-02-21
CZ0814093,Bombina variegata,6075d,2013-07-09
CZ0814093,Bombina variegata,6076c,2024-08-14
CZ0814093,Osmoderma barnabita,6076c,2024-03-08
